citation_id,citation_context,section,citation_intent
30997,Ses verilerinden çıkarılan MFCC'nin makine öğrenmesi ve derin öğrenme algoritmalarında öznitelik olarak kullanılmasıyla dijital ses işleme alanında birçok çalışma gerçekleştirilmiştir [7] .,GİRİŞ (INTRODUCTION),background
30998,Ses verilerinden çıkarılan MFCC'nin makine öğrenmesi ve derin öğrenme algoritmalarında öznitelik olarak kullanılmasıyla dijital ses işleme alanında birçok çalışma gerçekleştirilmiştir [8] .,GİRİŞ (INTRODUCTION),background
30999,Ses verilerinden çıkarılan MFCC'nin makine öğrenmesi ve derin öğrenme algoritmalarında öznitelik olarak kullanılmasıyla dijital ses işleme alanında birçok çalışma gerçekleştirilmiştir [9] .,GİRİŞ (INTRODUCTION),background
31000,Ses verilerinden çıkarılan MFCC'nin makine öğrenmesi ve derin öğrenme algoritmalarında öznitelik olarak kullanılmasıyla dijital ses işleme alanında birçok çalışma gerçekleştirilmiştir [10] .,GİRİŞ (INTRODUCTION),background
31001,Ses verilerinden çıkarılan MFCC'nin makine öğrenmesi ve derin öğrenme algoritmalarında öznitelik olarak kullanılmasıyla dijital ses işleme alanında birçok çalışma gerçekleştirilmiştir [11] .,GİRİŞ (INTRODUCTION),background
31002,Turnbull vd. ses kayıtlarının müzik türlerine göre otomatik sınıflandırılmasını amaçlayan çalışmada MFCC ve ses sinyalinin kısa süreli Fourier dönüşümüne (STFT) dayalı öznitelikleri ile Radyal Temelli Fonksiyon (RBF) eğitmiş ve önerilen yöntemin insan performansına yakın başarı gösterdiği gözlemlenmiştir [5] .,GİRİŞ (INTRODUCTION),background
31003,"Iheme vd. ses verisinin sessizlik, konuşma ve müzik olmak üzere üç sınıftan biri olarak sınıflandırmak amacıyla ses verilerinin MFCC katsayılarını, türevlerini ve ikinci türevlerini SVM (Support Vector Machine) ve Naive Bayes algoritmalarının eğitiminde öznitelik olarak kullanmış ve bu özniteliklerin başarıya etkilerini araştırmışlardır [6] .",GİRİŞ (INTRODUCTION),background
31004,"Elde edilen standart sapma, farklı duygular için optimize edilmiş standart sapma değerleriyle ""if-else"" yapısında karşılaştırılarak sese ait duygu tespit edilmiştir [7] .",GİRİŞ (INTRODUCTION),background
31005,Performans analizi sonucu da %68'dir [8] .,GİRİŞ (INTRODUCTION),background
31006,"Waghmare vd. yapay duygusal Marathi konuşma veri tabanından konuşma duygusunu analiz etmek ve tanımak için MFCC öznitelikleri çıkarmış, çıkarılan öznitelikler LDA (Lineer Diskriminant Analiz) sınıflandırıcısının eğitiminde kullanılmıştır [9] .",GİRİŞ (INTRODUCTION),background
31007,%50 sınıflandırma başarısı elde edilmiştir [10] .,GİRİŞ (INTRODUCTION),background
31008,"YSA (Yapay Sinir Ağları), SVM, RBFNN (Radyal Temel Fonksiyonu Sinir Ağları) kullanarak müzikte duyguyu tanımak için MFCC kullanmışlardır [11] .",GİRİŞ (INTRODUCTION),background
31009,Yeterli sayıdaki ses verisi ile yapay sinir ağları eğitilerek Konuşma Duygusu Tanıma (KDT) alanında birçok çalışma gerçekleştirilmiştir [12] MFCC özniteliklerine ve ses sinyallerinden üretilen melspektrogramlarına dayalı olarak duyguları tahmin eden çift aşamalı bir yöntem önermişlerdir  .,GİRİŞ (INTRODUCTION),background
31010,Yeterli sayıdaki ses verisi ile yapay sinir ağları eğitilerek Konuşma Duygusu Tanıma (KDT) alanında birçok çalışma gerçekleştirilmiştir [13] MFCC özniteliklerine ve ses sinyallerinden üretilen melspektrogramlarına dayalı olarak duyguları tahmin eden çift aşamalı bir yöntem önermişlerdir  .,GİRİŞ (INTRODUCTION),background
31011,Yeterli sayıdaki ses verisi ile yapay sinir ağları eğitilerek Konuşma Duygusu Tanıma (KDT) alanında birçok çalışma gerçekleştirilmiştir [14] MFCC özniteliklerine ve ses sinyallerinden üretilen melspektrogramlarına dayalı olarak duyguları tahmin eden çift aşamalı bir yöntem önermişlerdir  .,GİRİŞ (INTRODUCTION),background
31012,Yeterli sayıdaki ses verisi ile yapay sinir ağları eğitilerek Konuşma Duygusu Tanıma (KDT) alanında birçok çalışma gerçekleştirilmiştir   MFCC özniteliklerine ve ses sinyallerinden üretilen melspektrogramlarına dayalı olarak duyguları tahmin eden çift aşamalı bir yöntem önermişlerdir [15] .,GİRİŞ (INTRODUCTION),background
31013,"EmoDB veri seti ile gerçekleştirilen başka bir çalışmada ise spektrogram, Mel-spektrogram ve MFCC olmak üzere önerilen CNN+BLSTM mimarisi üç farklı öznitelik ile eğitilmiş ve konuşma duygusu tanımada MFCC özniteliklerinin başarılı sonuçlar verdiği gözlemlenmiştir [14, .",GİRİŞ (INTRODUCTION),background
31014,"EmoDB veri seti ile gerçekleştirilen başka bir çalışmada ise spektrogram, Mel-spektrogram ve MFCC olmak üzere önerilen CNN+BLSTM mimarisi üç farklı öznitelik ile eğitilmiş ve konuşma duygusu tanımada MFCC özniteliklerinin başarılı sonuçlar verdiği gözlemlenmiştir 16] .",GİRİŞ (INTRODUCTION),background
31015,"Literatürde yer alan çalışmalar incelendiğinde EmoDB veri setinin duygu tanımada yaygın olarak kullanıldığı görülmektedir [8, .",GİRİŞ (INTRODUCTION),background
31016,"Literatürde yer alan çalışmalar incelendiğinde EmoDB veri setinin duygu tanımada yaygın olarak kullanıldığı görülmektedir 10, .",GİRİŞ (INTRODUCTION),background
31017,"Literatürde yer alan çalışmalar incelendiğinde EmoDB veri setinin duygu tanımada yaygın olarak kullanıldığı görülmektedir 12, .",GİRİŞ (INTRODUCTION),background
31018,"Literatürde yer alan çalışmalar incelendiğinde EmoDB veri setinin duygu tanımada yaygın olarak kullanıldığı görülmektedir 14, .",GİRİŞ (INTRODUCTION),background
31019,Literatürde yer alan çalışmalar incelendiğinde EmoDB veri setinin duygu tanımada yaygın olarak kullanıldığı görülmektedir 16] .,GİRİŞ (INTRODUCTION),background
31020,"Berlin EmoDB [17] , 7 duygu içeren ve sınıflandırma doğruluğunu doğru bir şekilde değerlendirmek için her duyguyu neredeyse aynı sayıda içeren dengeli bir veri setidir.",GİRİŞ (INTRODUCTION),background
31021,"Spontane duyguları içeren, üç boyutlu bir duygu alanı çerçevesinde oluşturulan VAM veri tabanı [18, bir Alman TV talk-show'u ""Vera am Mittag"" kaydedilmiştir.",GİRİŞ (INTRODUCTION),background
31022,"Spontane duyguları içeren, üç boyutlu bir duygu alanı çerçevesinde oluşturulan VAM veri tabanı 19] bir Alman TV talk-show'u ""Vera am Mittag"" kaydedilmiştir.",GİRİŞ (INTRODUCTION),background
31023,Veri tabanı talk-show'da tartışılan konular nedeniyle çoğunlukla nötr ve olumsuz duygular içerir. [3] 'de kullanılan veri seti ise bir telefon sağlayıcı şirketin çağrı merkezinden toplam 9 saat 30 dakika uzunluğunda 137 kayıtlı müşteri temsilcisi görüşmesini içeren Yunanca görüşmelerden oluşmaktadır.,GİRİŞ (INTRODUCTION),background
31025,"Literatürdeki çalışmalarda Sigmoid, Tanh, ReLu (Rectified Linear Unit), SoftMax yaygın olarak kullanılan aktivasyon fonksiyonlarıdır [24] .",MATERYAL VE METOD (METARIAL AND METHOD),background
31026,Havuzlama katmanı önemli bilgileri koruyup gereksiz detayları azaltmasıyla özellik haritasının boyutunu küçülterek ağın hesaplama karmaşıklığını azaltır [25] .,MATERYAL VE METOD (METARIAL AND METHOD),background
31028,"Çalışmanın başarısı literatürdeki [3, çalışmalarla kıyaslandığında çok yakın   veya daha yüksek   başarı gösterdiği görülmektedir.",SONUÇ (CONCLUSION),support
31029,"Çalışmanın başarısı literatürdeki 5, çalışmalarla kıyaslandığında çok yakın   veya daha yüksek   başarı gösterdiği görülmektedir.",SONUÇ (CONCLUSION),support
31030,Çalışmanın başarısı literatürdeki 8] çalışmalarla kıyaslandığında çok yakın   veya daha yüksek   başarı gösterdiği görülmektedir.,SONUÇ (CONCLUSION),support
31031,Çalışmanın başarısı literatürdeki   çalışmalarla kıyaslandığında çok yakın [5] veya daha yüksek   başarı gösterdiği görülmektedir.,SONUÇ (CONCLUSION),support
31032,"Çalışmanın başarısı literatürdeki   çalışmalarla kıyaslandığında çok yakın   veya daha yüksek [3, başarı gösterdiği görülmektedir.",SONUÇ (CONCLUSION),support
31033,Çalışmanın başarısı literatürdeki   çalışmalarla kıyaslandığında çok yakın   veya daha yüksek 8] başarı gösterdiği görülmektedir.,SONUÇ (CONCLUSION),support
30165,"Bu sonuçlar, PC-Kimmo [14] ve Zemberek  'e göre nispeten düşük olsa da, diğer kök bulma algoritmalarına göre daha yüksektir.",DENEYLER VE SONUÇLAR (THE EXPERIMENTS AND RESULTS),differ
30166,"Bu sonuçlar, PC-Kimmo   ve Zemberek [16] 'e göre nispeten düşük olsa da, diğer kök bulma algoritmalarına göre daha yüksektir.",DENEYLER VE SONUÇLAR (THE EXPERIMENTS AND RESULTS),differ
30162,"Elde edilen sonuçlara göre, PC-Kimmo [14] 'nun bilinmeyen sözcükler için iyileştirilmiş versiyonu en iyi sonuçları vermektedir.",DENEYLER VE SONUÇLAR (THE EXPERIMENTS AND RESULTS),support
30152,"Önceki çalışmalardan [14] farklı olarak bu çalışmada kökten eke doğru değil, sözcük sonundaki eklerden köke doğru eklerin tek tek bulunmasıyla kök bulma işlemi gerçekleştirilmektedir.",KONUYA İLİŞKİN ÖNCEKİ ÇALIŞMALAR (RELATED WORK),differ
32221,"Ancak çalışma [11] ""in önerilen MD gibi HL7 desteği bulunmamaktadır.",DEĞERLENDİRME (EVALUATION),differ
33935,"Sonuçlar, kullandığımız algoritmanın [22] 'den daha iyi sonuç verdiğini ve  'e yakın sonuç verdiğini göstermektedir.",Performans Analizi,differ
33936,"Sonuçlar, kullandığımız algoritmanın  'den daha iyi sonuç verdiğini ve [23] 'e yakın sonuç verdiğini göstermektedir.",Performans Analizi,differ
33937,Çarpışma Sezim i Al gori tmalarındaki İşlem Sa yıl arı Algoritma Möller [22] Tropp et al.,Performans Analizi,other
33938,Çarpışma Sezim i Al gori tmalarındaki İşlem Sa yıl arı Algoritma Möller   Tropp et al. [,Performans Analizi,other
34306,"Fakat buradaki çalışmada ise 0.81 korelasyon katsayısı elde ederek daha iyi tahminler elde edilmiştir. Şengür ve Tekin (2013) ise öğrencilerin mezuniyet notlarını tahmin etmek için yaptıkları çalışmada karar ağaçlarını kullanarak 0.76 korelasyon katsayısı ile tahminler elde ederken, yapay sinir ağları kullanarak korelasyon 0.93 değeri ile tahminler elde etmişlerdir.",Tartışma ve Sonuç,differ
34305,"Çalışması sonunda eğitim sürelerinin, burs ya da kredi alma durumuna göre değiştiğini ve ayrıca maddi durumları ile annelerinin çalışması arasında bağlantı olduğunu görmüştür. Demir (2015) de öğrencilerin sınavlara yönelik not durumlarını yapay sinir ağları ile tahmin etmeye çalışmış ve 0.63 korelasyon katsayısı elde etmiştir.",Tartışma ve Sonuç,discuss
32875,"Günümüzde nesnelerin interneti (IoT), makineler arası iletişim (M2M), yapay zekâ, kuantum bilgisayarlar, blok zincir teknolojisi gibi birçok gelişmeler vardır [1] .",GİRİŞ (INTRO DUCTIO N),background
32876,"Endüstri 4.0, bilgi teknolojilerinin gelişmesi ve internet/mobil uygulamalarının yaygınlaşması ile birlikte dijital platformlar, insan hayatında giderek daha büyük yer almaktadır [2] .",GİRİŞ (INTRO DUCTIO N),background
32877,Bu hızlı gelişim ve teknolojik birlikt elik birçok fırsat sunmaktadır [3] .,GİRİŞ (INTRO DUCTIO N),background
32878,"İnsanlar sosyal ağlar aracılığıyla duygu, düşünce, ihtiyaç ve beklentilerini de dile getirmektedir [4] .",GİRİŞ (INTRO DUCTIO N),background
32879,"Sosyal medya kullanıcı s ayıları (milyon) (Social media user numbers) (millions) Statista [5] , Temmuz 2021 verilerine göre dünya genelinde en popüler sosyal medya kullanıcı sayıları Şekil 1'de gösterilmektedir.",GİRİŞ (INTRO DUCTIO N),background
29126,"Şule Itır SATOĞLU * , M. Bülent DURMUŞOĞLU İTÜ Fen Bilimleri Enstitüsü, Design of hybrid cellular manufacturing systems in erratic demand conditions using axiomatic design",Düzensiz talep koşullarında melez üretim sistemlerinin aksiyomlarla tasarımı,other
29127,"Şule Itır SATOĞLU * , M. Bülent DURMUŞOĞLU Endüstri Mühendisliği Programı, Design of hybrid cellular manufacturing systems in erratic demand conditions using axiomatic design",Düzensiz talep koşullarında melez üretim sistemlerinin aksiyomlarla tasarımı,other
29128,"Şule Itır SATOĞLU * , M. Bülent DURMUŞOĞLU 34469, Design of hybrid cellular manufacturing systems in erratic demand conditions using axiomatic design",Düzensiz talep koşullarında melez üretim sistemlerinin aksiyomlarla tasarımı,other
29129,"Şule Itır SATOĞLU * , M. Bülent DURMUŞOĞLU Ayazağa, Design of hybrid cellular manufacturing systems in erratic demand conditions using axiomatic design",Düzensiz talep koşullarında melez üretim sistemlerinin aksiyomlarla tasarımı,other
29130,"Şule Itır SATOĞLU * , M. Bülent DURMUŞOĞLU İstanbul Design of hybrid cellular manufacturing systems in erratic demand conditions using axiomatic design",Düzensiz talep koşullarında melez üretim sistemlerinin aksiyomlarla tasarımı,other
29131,"Afterwards, unidirectional flow in each cell was achieved by using the heuristic of Aneke and Carrie (1986) .",Extended abstract,other
29132,"Parti tipi üretimin gerçekleştiği imalât sistemlerinde performansı arttırmak için tek parça akışı uygulanabilir (Miltenburg, 2001) .",Giriş,background
29133,"Bu sistemlere de Melez Üretim Sistemleri (MÜS) denir (Shambu ve Suresh, 2000) .",Giriş,background
29134,"MÜS tasarımı için genellikle sezgisel yöntemler geliştirilmiştir (Venkataramanaiah ve Krishnaiah, 2002; .",Giriş,background
29135,"MÜS tasarımı için genellikle sezgisel yöntemler geliştirilmiştir (Venkataramanaiah ve Harhalakis vd., 1996; .",Giriş,background
29136,"MÜS tasarımı için genellikle sezgisel yöntemler geliştirilmiştir (Venkataramanaiah ve Gravel vd., 2000; .",Giriş,background
29137,"MÜS tasarımı için genellikle sezgisel yöntemler geliştirilmiştir (Venkataramanaiah ve Viguer ve Pierreval, 2004) .",Giriş,background
29138,"Bunun yanında doğrusal olmayan programlama (Murthy ve Srinivasan, 1995) ve doğrusal programlama (Ioannou, 2006) kullanarak MÜS tasarımı gerçekleştirilmeye çalışılmıştır.",Giriş,background
29139,"Ayrıca bu yöntem, tekrarlayan denemeyanılma faaliyetlerini en aza indirmek, önerilen tasarımlar arasından en iyisini seçmek ve tasarım dünyası için bilimsel bir alt yapı oluşturarak bilgisayardan mümkün olduğu kadar fazla yararlanmayı da amaçlamaktadır (Suh, 2001) .",Aksiyomlarla tasarım yöntemi,basis
29140,"Bir düşünsel örnek üzerinde çalışmanın amacı, gerçekte oluşabilecek pek çok durumu sergileyebilmektir. MÜS’nin hücrelerini tasarlamak amacıyla düzenli ve yüksek talepli parçalar için oluşturulan makine-parça matrisine bir kümelendirme yöntemi uygulamak gerekmektedir. Bu amaçla Ortalama Bağlantı Yöntemi (Seifoddini, 1989) kullanılmıştır.",Düşünsel örnek üzerinde uygulama,background
29141,"Aneke, N.A.G. ve Carrie, A.S., (1986) .",Kaynaklar,other
29142,"Chen, S.J., Chen, L.C. ve Lin, L., (2001) .",Kaynaklar,other
29143,"Knowledge-based support for simulation analysis of manufacturing cells, Computers in Industry, 44, 33-49. Friend, C.H., Swift, A.L. ve Ghobbar, A.A., (2001) .",Kaynaklar,other
29144,"Gravel, M., Price, W. ve Gagne, C., (2000) .",Kaynaklar,other
29145,"An interactive tool for designing manufacturing cells for an assembly job-shop, International Journal of Production Research, 38, 2, 309-322. Harhalakis G., Minis, T.L. ve Nagi, R., (1996) .",Kaynaklar,other
29146,"An interactive tool for designing manufacturing cells for an assembly job-shop, International Journal of Production gineering, 16, 3, 419-426. Shambu,G. ve Suresh, N.C., (2000) .",Kaynaklar,other
29147,"Suh, N.P., (1990) .",Kaynaklar,other
29148,"Suh, N. P., (2001) .",Kaynaklar,other
29149,"Tapping, D., Luyster, T. ve Shuker, T., (2001) .",Kaynaklar,other
29150,"Venkataramanaiah, S. ve Krishnaiah, K., (2002) .",Kaynaklar,other
29151,"Hybrid heuristic for design of cellular manufacturing systems, Production Planning & Control, 13, 3, 274-283. Viguer, P. ve Pierreval, H., (2004)",Kaynaklar,other
29152,"Uzunca bir süredir çoğu bilgi sistemlerinde başarı ile kullanılan ve artık veri depolama ve yönetimi açısından en uygun ortam olarak kabul edilen veri tabanı yönetim sistemlerinde mekânsal verilerin de depolanabilmesi coğrafi bilgi sistemlerinin gelişiminde büyük rol oynamıştır (Adler, 2001) .",Giriş,background
29153,"Bu beklentilerin en önemli iki maddesinden biri olan ve çok kullanıcılı ortam olarak adlandırılan bu madde mekânsal veriye birden fazla kullanıcının ulaşarak güncelleme yapmasına imkân sağlanmasıdır (Zeiler, 2002) .",Giriş,background
29154,"Veri tabanlarında versiyon, objelerin farklı durumlarının depolanması işlemidir (Medeiros ve Jomier, 1994) .",Versiyon,background
29155,"Obje versiyon modelinde versiyonlar objeler için tanımlanmaktadır ve obje versiyonları zamanın bir fonksiyonu olarak sıralandırılmaktadır (Kim ve Lochovsky, 1992) .",Versiyon,background
29156,Bu değişikliklerin tamamının izlenmesi ile veri tabanındaki bütünlük sağlanmaktadır (Cellary ve Jomier 1992) .,Versiyon,background
29157,"Veri modellerinin gelişmesi ile birlikte artık coğrafi bilgi sistemlerinde mekânsal veriler, geometri, öznitelik ve zaman bileşenleri ile ifade de edilmektedir (Chrisman, 1997)",Verilerin özgeçmişlerinin izlenmesi,background
29158,"Özgeçmiş bilgilerini tutan ilişkisel veri tabanlarında verilerin depolama yöntemleri ve verilerin güncellendiği coğrafi bilgi sistemi programları nasıl olursa olsun verilerin özgeçmişlerine ilişkin yapılacak sorgulamalar genellikle aşağıda belirtildiği gibi 3 farklı duruma yönelik olmaktadır (ESRI, 2002) .",Özgeçmiş sorgulama yöntemleri,background
29159,Eğilim ve davranışların otomatik olarak tahmin edilmesi ile gerçekleştirilen uygulamalar arasında daha önceki kampanyalardan hareketle yatırım getirisini maksimize edecek hedef kitlenin belirlenmesi ve şirket iflaslarının tahmin edilmesi yer almaktadır [1] .,GİRİŞ (INTRODUCTION),background
29160,"Veri madenciliği teknikleri temel olarak, veri madenciliğinin amacına dayalı olarak tahmin edici ve tanımlayıcı yöntemler olmak üzere iki sınıf altında incelenebilir [2] .",GİRİŞ (INTRODUCTION),background
29161,"Tanımlayıcı yöntemler içerisinde kümeleme analizi, birliktelik kuralları madenciliği, ardışıl örüntü madenciliği gibi yöntemler yer almaktadır [2] .",GİRİŞ (INTRODUCTION),background
29162,"Bu doğrultuda, karşılaştırmalı analizler başlıca karar ağacı algoritmalarından C4.5 [3] , Decision Stump  , Hoeffding Tree  , LMT (Logistic Model Trees)  , Random Forest  , Random Tree   ve RepTree   yöntemleri kullanılarak gerçekleştirilmiştir.",GİRİŞ (INTRODUCTION),background
29163,"Bu doğrultuda, karşılaştırmalı analizler başlıca karar ağacı algoritmalarından C4.5  , Decision Stump [4] , Hoeffding Tree  , LMT (Logistic Model Trees)  , Random Forest  , Random Tree   ve RepTree   yöntemleri kullanılarak gerçekleştirilmiştir.",GİRİŞ (INTRODUCTION),background
29202,Meme dokusundaki süt kanalları veya bezlerinde gelişen [1] ve kadın nüfusunu etkileyen yaygın kanser tiplerinden bir tanesi olarak bilinen ve dünya genelinde her yıl 1.38 milyon yeni vakanın tahmin edildiği bir hastalıktır  .,GİRİŞ,background
29203,Meme dokusundaki süt kanalları veya bezlerinde gelişen   ve kadın nüfusunu etkileyen yaygın kanser tiplerinden bir tanesi olarak bilinen ve dünya genelinde her yıl 1.38 milyon yeni vakanın tahmin edildiği bir hastalıktır [2] .,GİRİŞ,background
29204,"Ancak, düzensiz bir sınıra sahip kütle kanserli olabilir [3] .",GİRİŞ,background
29205,"Özyinelemeli Özellik Elemesi (ÖÖE, Recursive Feature Elimination [4] ) ile özniteliklerin öneminin araştırıldığı ve sonrasında sırasıyla  'da tanıtımları yapılan Lojistik Regresyon (LR) ve Rastgele Orman (RO) sınıflandırıcı algoritmaları ile eğitim ve test aşamaları yürütülerek sınıflandırma sürecinin tamamlandığı bu çalışmada meme kanseri hastalığı için önemli olan özniteliklerin araştırması yapılmıştır.",GİRİŞ,background
29206,"Özyinelemeli Özellik Elemesi (ÖÖE, Recursive Feature Elimination  ) ile özniteliklerin öneminin araştırıldığı ve sonrasında sırasıyla [5] 'da tanıtımları yapılan Lojistik Regresyon (LR) ve Rastgele Orman (RO) sınıflandırıcı algoritmaları ile eğitim ve test aşamaları yürütülerek sınıflandırma sürecinin tamamlandığı bu çalışmada meme kanseri hastalığı için önemli olan özniteliklerin araştırması yapılmıştır.",GİRİŞ,background
29207,"Özyinelemeli Özellik Elemesi (ÖÖE, Recursive Feature Elimination  ) ile özniteliklerin öneminin araştırıldığı ve sonrasında sırasıyla [6] 'da tanıtımları yapılan Lojistik Regresyon (LR) ve Rastgele Orman (RO) sınıflandırıcı algoritmaları ile eğitim ve test aşamaları yürütülerek sınıflandırma sürecinin tamamlandığı bu çalışmada meme kanseri hastalığı için önemli olan özniteliklerin araştırması yapılmıştır.",GİRİŞ,background
29208,Meme kanseri her yıl milyonlarca hastada sıklıkla görülen bir hastalıktır [7] .,ÖNCEKİ ÇALIŞMALAR,background
29209,"Powell ve ark [8] , Kaliforniya eyaleti Marin ilçesindeki yüksek oranda meme kanseri, nulliparite ve gecikmiş doğum bilgisi içeren kadın topluluğu verilerini kullanarak Breast Cancer Risk Assessment Tool  , BRCAPRO   ve International Breast Intervention Study   meme kanseri risk değerlendirme modellerini karşılaştırmışlardır.",ÖNCEKİ ÇALIŞMALAR,discuss
29210,"Powell ve ark  , Kaliforniya eyaleti Marin ilçesindeki yüksek oranda meme kanseri, nulliparite ve gecikmiş doğum bilgisi içeren kadın topluluğu verilerini kullanarak Breast Cancer Risk Assessment Tool [9] , BRCAPRO   ve International Breast Intervention Study   meme kanseri risk değerlendirme modellerini karşılaştırmışlardır.",ÖNCEKİ ÇALIŞMALAR,discuss
29211,"Powell ve ark  , Kaliforniya eyaleti Marin ilçesindeki yüksek oranda meme kanseri, nulliparite ve gecikmiş doğum bilgisi içeren kadın topluluğu verilerini kullanarak Breast Cancer Risk Assessment Tool  , BRCAPRO [10] ve International Breast Intervention Study   meme kanseri risk değerlendirme modellerini karşılaştırmışlardır.",ÖNCEKİ ÇALIŞMALAR,discuss
29212,"Powell ve ark  , Kaliforniya eyaleti Marin ilçesindeki yüksek oranda meme kanseri, nulliparite ve gecikmiş doğum bilgisi içeren kadın topluluğu verilerini kullanarak Breast Cancer Risk Assessment Tool  , BRCAPRO   ve International Breast Intervention Study [11] meme kanseri risk değerlendirme modellerini karşılaştırmışlardır.",ÖNCEKİ ÇALIŞMALAR,discuss
29213,"Al-Diab ve ark, sundukları çalışmada, Sudi Arabistandaki meme kanserinin tüm kanserli kadın hastaların içinde %19.8 bir orana sahip olduğunu ortaya koymuşlardır [12] .",ÖNCEKİ ÇALIŞMALAR,background
29214,Hibrid bir çalışmayı içeren çalışmalarında %97 başarının elde edildiği optimize edilmiş yüksek performanslı bir tanı sistemi gerçekleştirmişlerdir [13] .,ÖNCEKİ ÇALIŞMALAR,background
29215,"Porto-Mascarenhas ve ark, tükürük biomarkerlarının meme kanserini karakterize etmekte yardımcı olabilecekleri düşüncesi doğrultusunda bu biomarkerların yeteneklerini değerlendirmek için gerçekleştirdikleri çalışmada, tükrük biomarkerlarının meme kanserinin erken evreden ziyade ileri aşamalarını tanımladıklarını görmüşlerdir [14] .",ÖNCEKİ ÇALIŞMALAR,background
29216,"Çalışmalarınd a, yalnızca başlangıçta kaygısı olmayan kadınlar üzerinde kimyasal tedavi ve bilişsel bozukluk arasındaki ilişikinin istatistiksel olarak önemli olduğunu ortaya koymuşlardır [15] .",ÖNCEKİ ÇALIŞMALAR,background
29217,"Peters ve ark, çalışmalarında özellikle erken evre yumurtalık kanseri teşhisi konan BRCA1/2 taşıyıcıları için düzenli meme kanseri verilerinin toplanmasını ve ilaç ve/veya profilaktik mastektomi yani iki memenin de ameliyatla alınması yöntemleri ile risk azaltmayı önermişlerdir [16] .",ÖNCEKİ ÇALIŞMALAR,background
29218,"Pudkasam ve ark, egzersiz programlarının meme kanserini iyileştiren yağ(adipozite) ve immünolojik belirteçler üzerindeki bilinen etkilerini araştırmışlardır [17] .",ÖNCEKİ ÇALIŞMALAR,background
29219,Meme kanseri de dâhil olmak üzere katı tümörlerle ilişkili anjiyojenezde bu hücrelerden artmış sayıda vardır [18] .,ÖNCEKİ ÇALIŞMALAR,background
29220,"Almutlaq ve ark, yaş, ilk doğum yaşı, erken menarş, cinsiyet, beslenme faktörleri, tütün içilmesi, alkol tüketimi, düşük doz radyasyon, obezite, fiziksel aktivite, emzirme, hormonal, hormon replasman tedavisi, steroid hormon reseptörleri, mamografik yoğunluk, iyi huylu meme hastalığı ve genetik faktörlerini inceleyerek Suudi Arabistan'daki meme kanserine neden olan faktörleri araştırmışlardır [19] .",ÖNCEKİ ÇALIŞMALAR,background
29221,"Lukong, tüm dünyada ciddi bir sağlık sorunu olan bu hastalığın erken tanısı, tedavisi ve önlenmesi için daha fazla hedefin karakterize edildiği ve son derece yenilikçi yaklaşımların geliştirildiği daha özel tedavileri içeren çalışma üzerine yoğunlaşmışladır [20] .",ÖNCEKİ ÇALIŞMALAR,background
29222,"Coleman, yetkin klinik ve kendi kendine meme muayenesinin dikkatli bir kullanımı ile küçük tümörlerin tespitini ve morbiditenin azalmasını sağlayacağı yönünde bir çalışma sunmuştur [21] .",ÖNCEKİ ÇALIŞMALAR,background
29223,"Sayısal damgalama yöntemlerin telif haklarının korunması, kopyalama koruması, yayın izleme, veri doğrulama, veri gizleme, indeksleme, tıbbi güvenlik ve gizli iletişim gibi çok değişik uygulamaları vardır [1, .",Giriş,background
29224,"Sayısal damgalama yöntemlerin telif haklarının korunması, kopyalama koruması, yayın izleme, veri doğrulama, veri gizleme, indeksleme, tıbbi güvenlik ve gizli iletişim gibi çok değişik uygulamaları vardır 2] .",Giriş,background
29225,Bu işlemin nasıl yapılabileceği [2]’de oldukça kapsamlı bir şekilde ele alınmıştır.,Sayısal Bir Damganın Sayısal Bir Görüntüye Eklenmesi ve Tespit Edilmesi,background
29226,JPEG sıkıştırması için [4] 'de verilen kodlar kullanılmıştır.,Piksel Uzayındaki Yöntemlerin JPEG Performansı,basis
29227,"Fourier dönüşümü (DFT), ayrık kosinüs dönüşümü (DCT) ve ayrık dalgacık dönüşümü (DWT)'dir [3] DWT JPEG 2000 standardında kullanıldığından burada sadece DFT ve DCT ele alınmıştır.",Frekans Uzayındaki Yöntemlerin JPEG Performansı,background
29228,"İnsan gözünün bir görüntüdeki faz değişimlerine, genlik değişimlerine göre çok daha fazla duyarlı olduğu (insan kulağı için bunun tersi doğrudur, yani kulak genlikteki değişimlere fazdaki değişimlere göre daha duyarlıdır) literatürdeki araştırmalardan çok iyi bilinmektedir [3] .",Frekans Uzayındaki Yöntemlerin JPEG Performansı,background
29234,"Ancak, bu değişikliklere rehberlik edecek evrensel bir genel veya hazır model bulunmamaktadır [4] .",GİRİŞ (INTRODUCTION),background
29235,"Yine de bu işbirlikçi araştırma yaklaşımlarına içgörü sağlayan, ancak aynı zamanda hem epistemik hem de kurumsal düzeylerdeki zorlukları ve engelleri vurgulayan disiplinlerarasılık uygulamaları hakkında büyüyen bir literatür bulunmaktadır [6] .",GİRİŞ (INTRODUCTION),background
29236,Disiplinlerarası çalışmalarda öğrenme ve uygulama döngüsü oldukça önemlidir [7] .,GİRİŞ (INTRODUCTION),background
29237,"Dinamik öğrenen organizasyon, hızla değişen ortamlara kolayca uyum sağlar; bir sürdürülebilirlik aracı olarak kendi geleceği için çözümler üretir [8] .",GİRİŞ (INTRODUCTION),background
29238,"Sürdürülebilir bir rekabet avantajı elde etmek için organizasyonlar, öğrenme yoluyla yenilikçi fikirler yaratarak sürekli değişiklikler ve organizasyonel stratejiler geliştirir [9] ,  .",GİRİŞ (INTRODUCTION),background
29239,"Sürdürülebilir bir rekabet avantajı elde etmek için organizasyonlar, öğrenme yoluyla yenilikçi fikirler yaratarak sürekli değişiklikler ve organizasyonel stratejiler geliştirir  , [10] .",GİRİŞ (INTRODUCTION),background
29240,"Bu nedenle yenilik için mevcut temel stratejilerden biri, fikir odaklı öğreten ve öğrenen organizasyonlardır [11] .",GİRİŞ (INTRODUCTION),background
29241,"Bu nedenle yenilik için mevcut temel stratejilerden biri, fikir odaklı öğreten ve öğrenen organizasyonlardır [12] .",GİRİŞ (INTRODUCTION),background
29242,"Bu nedenle yenilik için mevcut temel stratejilerden biri, fikir odaklı öğreten ve öğrenen organizasyonlardır [13] .",GİRİŞ (INTRODUCTION),background
29243,"Yeni fikirler, öğrenmenin sonuçlarından biri olabileceği gibi, öğrenme sürecinde kazanılan bilgi ve becerilerin işyerine aktarılmasıyla daha büyük fikirlere de aracı olabilir [14] ,  .",GİRİŞ (INTRODUCTION),background
29244,"Yeni fikirler, öğrenmenin sonuçlarından biri olabileceği gibi, öğrenme sürecinde kazanılan bilgi ve becerilerin işyerine aktarılmasıyla daha büyük fikirlere de aracı olabilir  , [15] .",GİRİŞ (INTRODUCTION),background
29245,"Performansı artırmak için öğrenme sürecinde edinilen bilgi, beceri ve deneyimlerin işletmelere aktarılması gerekir [14] .",GİRİŞ (INTRODUCTION),background
29246,"Teknoloji transfer ofisleri ve teknokentler, tam da bu öğrenme döngüsünü sağlamak için hayata geçirilmiş organizasyonel yapılardır [16] .",GİRİŞ (INTRODUCTION),background
29247,"Teknoparkların en belirgin motivasyonu, üniversite ve şirketler arasındaki iş birliğinin geliştirilmesini teşvik etmesidir [17] .",GİRİŞ (INTRODUCTION),background
29248,"Daha ziyade, fikirlerin uygulama alanları olarak hayata geçirilmiştir [18] .",GİRİŞ (INTRODUCTION),background
29249,"Winks’in de ifade ettiği üzere yükseköğretimde yaratıcılığı teşvik eden ve ortaya çıkaran süreçler, kültürler ve öğrencilerin, öğretim üyelerinin disiplinler arasında ve kendi bölümleri içinde fikir geliştirme yolları hakkında yeterli öneri geliştirilmemiştir [19] .",GİRİŞ (INTRODUCTION),background
29250,"Buna ek olarak teknoloji transfer ofisleri ve teknokentler, fikirlerin uygulama alanları oldukları için, öğrenen organizasyon olma sürecinde fikir üretimine yönelik bizce en fazla yatırım yapılması gereken temel insan kaynağını, yani eğitim gören kitleyi ve akademisyenleri büyük oranda devre dışı bırakır [20] .",GİRİŞ (INTRODUCTION),background
29251,"Mevcut durumda, oluşan ihtiyaçlar ve sorunların çözümü için yenilikçi fikir üretimi konusunda akademisyenler, öğrenciler, sektörel aktörler ve toplum birbirlerinden kopuk olduğundan [21] , sistematik bir zeminde bir araya gelememektedir.",GİRİŞ (INTRODUCTION),background
29252,"Baptista ve arkadaşları, üç Latin Amerika üniversitesinde disiplinlerarası araştırma için kurumsal alanların yaratılmasına yönelik girişimlere odaklanmaktadır [4] .",İLGİLİ ÇALIŞMALAR (RELATED WORK),background
29253,"Lindvig çalışmasında, disiplinlerarası eğitim unsurlarının önceden var olan monodisipliner yapılar tarafından nasıl oluşturulduğu, desteklendiği ve hatta güçlendirildiğine ilişkin yolların haritasını çıkarmak için geleneksel fakülte yapılı bir üniversitede çeşitli disiplinlerarası eğitim çabalarının gelişimini incelemiştir [22] .",İLGİLİ ÇALIŞMALAR (RELATED WORK),background
29254,"Krallık Üniversitesi'ndeki eğitim uygulamalarında yenilik ve yaratıcılığın önündeki engelleri ve bu konudaki olanakları inceleyen bir çalışmada [19] , üniversite öğretim kadrosuna sunulan disiplinlerarası ortamların daha fazla kullanılmasının, yaratıcı uygulamayı ve akran öğrenimini artırmaya katkıda bulunabileceği ortaya konmuştur.",İLGİLİ ÇALIŞMALAR (RELATED WORK),background
29255,"Fakülteler ile sosyal ya da sektörel kurumların bir arada çalışmasına yönelik Groulx ve arkadaşları tarafından gerçekleştirilen farklı bir araştırmada, sürdürülebilirlik girişimleri oluşturmak için geçerli olan kapsamlı üniversite-toplum iş birlikleri kavramı incelenmiştir [23] .",İLGİLİ ÇALIŞMALAR (RELATED WORK),background
29256,"Barringer ve arkadaşları, bilim politikalarının onlarca yıldır disiplinlerarası araştırmayı teşvik etmesine rağmen üniversitelerin buna aynı şekilde karşılık verememesi konusundaki nedenleri açıklamak için, ülke çapındaki en iyi 156 araştırma üniversitesi için kapsamlı bir veri toplayarak, incelemelerde bulunmuştur [24] .",İLGİLİ ÇALIŞMALAR (RELATED WORK),background
29257,"Cavallone ve arkadaşları çalışmalarında, özel ve kamu sektörü kuruluşlarının değer beklentilerini ve bu kuruluşların ortak değer yaratımındaki potansiyel rollerini araştırmıştır [25] .",İLGİLİ ÇALIŞMALAR (RELATED WORK),background
29258,"Miller ve arkadaşlarının araştırması, disiplinlerarası bir araştırma ekibinin parçası olarak çalışan öğrenci deneyimlerine ilişkin bir vaka çalışması sunmaktadır [26] .",İLGİLİ ÇALIŞMALAR (RELATED WORK),background
29259,"Jaeger, çalışmasında yükseköğretimde disiplin, disiplinlerarasılık ve disiplinlerarasılığın çerçevelemesi ve bu çerçevelemenin Avrupa yükseköğretim müfredatı üzerindeki etkilerini araştırmıştır [27] .",İLGİLİ ÇALIŞMALAR (RELATED WORK),background
29260,"Belwal ve arkadaşları çalışmalarında proje tabanlı öğrenmenin, üniversite eğitimi ile gerçek yaşamı nasıl ilişkilendirebileceğini araştırmıştır [28] .",İLGİLİ ÇALIŞMALAR (RELATED WORK),background
29261,"Björklund ve arkadaşları çalışmalarında, yükseköğretimde işbirlikçi çabaları ilerletmenin önündeki temel kolaylaştırıcılara ve engellere ışık tutmak amacıyla Aalto Üniversitesi'nin yenilikçi platformlardan biri olan Tasarım Fabrikası Küresel Ağı'nı incelemiştir [29] Öğrencilerden, personelden ve eğitimcilerden gelen bakış açıları da dahil olmak üzere 17 Tasarım Fabrikası ile yapılan 25 derinlemesine görüşmeye dayanan bulgular, esnekliği teşvik eden kurumsal politikaların, fiziksel bir disiplinlerarası alanı, topluluk oluşturmayı ve bu konudaki üst düzey desteği güvence altına aldığını göstermektedir.",İLGİLİ ÇALIŞMALAR (RELATED WORK),discuss
29262,"Disiplinlerarası eğitim çalışmalarının sınırlarını genişletmek için disiplinlerötesilik (transdisciplinary) geleneğinden yararlanan farklı bir çalışma, gelecekte, üniversite eğitiminin duvarların çok ötesinde gerçekleşebileceği için, yeni bir bütünleşik öğrenme anlayışının önemine işaret eder [30] .",İLGİLİ ÇALIŞMALAR (RELATED WORK),background
29263,"Brandenburg ve arkadaşları, Avustralya'daki Federasyon Üniversitesi'nde disiplinler arası bir arası araştırma grubunun (üç ayrı okul) doğuşunu, gelişimini ve uygulamasını incelemiştir [32] .",İLGİLİ ÇALIŞMALAR (RELATED WORK),background
29264,"Mega projelerini, sürdürülebilir kalkınma ilkelerinin ve sistematik disiplinlerarasılığın ""probleme dayalı öğrenmeye"" entegre edilmesi için bir vaka çalışması gerçekleştirmiştir [30] .",İLGİLİ ÇALIŞMALAR (RELATED WORK),background
29265,"bir çalışma ortamına uyum sağlayabilen öğrenciler yetiştirmesine duyulan ihtiyaçtan hareket eden bir çalışmada, UNIS-X deneyimsel öğrenme pedagojisinin etkililiği incelenmiştir [33] .",İLGİLİ ÇALIŞMALAR (RELATED WORK),background
29266,"Hannon ve arkadaşları, disiplinler arası müfredat ve öğretimin, 1   disiplin temelli bir organizasyon yapısını simgeleyen bir Avustralya üniversitesinde nasıl anlaşıldığı, uygulandığı ve desteklendiğinin yanı sıra disiplin sınırlarını aşan öğretim uygulamalarını araştırmıştır [34] .",İLGİLİ ÇALIŞMALAR (RELATED WORK),background
29268,"Bitcoin'in yanı sıra Ethereum gibi kripto para sistemlerinde kullanılmaktadır (Ouyang vd., 2021) .",BLOCKCHAİN TEKNOLOJİSİ,background
29269,"Ayrıca hesaplama gücü gerektirmediği ve yüksek işlem gücüne sahip olduğu için de Araçların İnterneti (IoV)’da da kullanılmaktadır (Nguyen vd., 2019) .",BLOCKCHAİN TEKNOLOJİSİ,background
29270,"Bu mutabakat protokolünün en dikkat çekici kısmı ise, kripto para birimi içermeyi gerektirmeyen çok çeşitli uygulamalar için, Proof of Work gibi kripto para birimi tabanlı mutabakat mekanizmalarına iyi bir alternatif olmasıdır (Song vd., 2021) .",BLOCKCHAİN TEKNOLOJİSİ,background
29271,"Haberleşme yöntemlerinin geliştirilmesiyle uzak mesafelerden bilgi alış verişi hızlı bir şekilde yapılabilmektedir [1, .",GİRİŞ,background
29272,Haberleşme yöntemlerinin geliştirilmesiyle uzak mesafelerden bilgi alış verişi hızlı bir şekilde yapılabilmektedir 2] .,GİRİŞ,background
29273, Rastgele Orman: Rastgele Orman Leo Breiman [15] tarafından geliştirilen ve birden fazla karar ağacının birleştirilmesiyle sınıflandırma başarısı yükseltmeyi amaçlayan bir makine öğrenmesi algoritmasıdır.,SİSTEM MİMARİSİ,background
29274,"Bilişim teknolojisinin etkin kullanımı ile ilgili yapılan araştırmalarda, sistem uyarlandıktan üç yıl sonra projenin durdurulması ya da beklenen getirilerin çok altında getiri getirmesi şeklinde ifade edilebilecek başarısızlıkların %60 oranında olduğu belirtilmektedir (Hochstrasser, 1993) .",Giriş,background
29275,"İkinci neden ise; günümüzün karar verme süreçlerinde, yeni yapılacak BT yatırımlarını değerlendirmede uygun olmayan muhasebe tabanlı yöntemlerin kullanılmasıdır (Hochstrasser, 1993) .",Giriş,background
29276,"Gerek resmi araştırmalar, gerekse informal çalışma grupları tarafından ortaya konan raporlar, bu bulguyu destekler niteliktedir (Hochstrasser ve Griffiths, 1990 .",Giriş,background
29277,"Gerek resmi araştırmalar, gerekse informal çalışma grupları tarafından ortaya konan raporlar, bu bulguyu destekler niteliktedir (Hochstrasser ve , Wilson, 1989) .",Giriş,background
29278,"Bilişim teknolojisi, işletmelerde karar alan yöneticilere gerekli bilgiyi sağlamak suretiyle işletme süreçlerinin işleyişini sağlayan teknoloji uygulamalarıdır (Daniels, 1994) .",Bilişim teknolojisi yatırımlarının değerlendirilmesi,background
29279,"Yeni yapılacak bilişim teknolojisi yatırımlarının değerlendirilmesi, üst düzey yöneticiler için çok önemlidir, çünkü BT'ye ayrılan maddi kaynaklar tüm kaynaklar içinde büyük bir yüzdeye sahiptir ve bu yüzde gün geçtikçe daha da büyümektedir (Hallikainen vd., 1998 .",Bilişim teknolojisi yatırımlarının değerlendirilmesi,background
29280,"Yeni yapılacak bilişim teknolojisi yatırımlarının değerlendirilmesi, üst düzey yöneticiler için çok önemlidir, çünkü BT'ye ayrılan maddi kaynaklar tüm kaynaklar içinde büyük bir yüzdeye sahiptir ve bu yüzde gün geçtikçe daha da büyümektedir , Renkema ve Berghout, 1997) .",Bilişim teknolojisi yatırımlarının değerlendirilmesi,background
29281,"Ayrıca bu yatırımların işletme performansı üzerindeki stratejik etkisi de önemini artırmaktadır (Lubbe, 1998) .",Bilişim teknolojisi yatırımlarının değerlendirilmesi,background
29282,"İşletmeler bilişim sistemlerinden elde edebilecekleri en yüksek performansa ulaşmak istiyorlarsa, hangi uygulamanın işletme performansına en fazla katkıyı yapacağının değerlendirmesini muhakkak yapmak zorundadırlar (Ragowsky vd., 2000) .",Bilişim teknolojisi yatırımlarının değerlendirilmesi,background
29283,"Dolayısıyla, BT ile ilgilenen bir çok profesyonel ve araştırmacı, Bilişim Sistemleri (BS) değerlendirmesinin temel yönetim konularından biri haline geldiğini düşünmektedir (Lubbe ve Remenyi, 1999) .",Bilişim teknolojisi yatırımlarının değerlendirilmesi,background
29284,"Literatürde bu konu ile ilgili rastlanabilecek iki temel araştırma konusundan ilki stratejik bilişim sistemlerinin planlaması iken, ikincisi de BT yatırımlarını değerlendirmek için kullanılacak tekniklerdir (Lubbe ve Remenyi, 1999) .",Bilişim teknolojisi yatırımlarının değerlendirilmesi,background
29285,"A.B.D., Hollanda ve Finlandiya'da yapılan araştırmalar da, bu problemin sadece bir ülkeye özgü olmadığını kanıtlamaktadır (Hallikainen vd., 1998) .",Bilişim teknolojisi yatırımlarının değerlendirilmesi,background
29286,"Yapılan ampirik çalışmalara göre işletmeler, BS yatırım önerilerini değerlendirmekte güçlükler çekmektedir (Tam, 1992; .",Bilişim teknolojisi yatırımlarının değerlendirilmesi,background
29287,"Yapılan ampirik çalışmalara göre işletmeler, BS yatırım önerilerini değerlendirmekte güçlükler çekmektedir Renkema ve Berghout, 1997; .",Bilişim teknolojisi yatırımlarının değerlendirilmesi,background
29288,"Yapılan ampirik çalışmalara göre işletmeler, BS yatırım önerilerini değerlendirmekte güçlükler çekmektedir Farbey vd., 1992; .",Bilişim teknolojisi yatırımlarının değerlendirilmesi,background
29289,"Yapılan ampirik çalışmalara göre işletmeler, BS yatırım önerilerini değerlendirmekte güçlükler çekmektedir Bacon, 1991) .",Bilişim teknolojisi yatırımlarının değerlendirilmesi,background
29290,"Böyle bir durumda sadece kolayca ölçülebilen faydalar işin içine katılır ve bu da BT'ye gereğinden az veya fazla yatırım yapılması sonucunu doğurur (Peffers ve Saarinen, 1993) .",Bilişim teknolojisi yatırımlarının değerlendirilmesi,background
29291,"Çok sayıda işletme, değerlendirme sürecini kafa karıştırıcı bulmakta ve anlamlı bir değerlendirmenin neleri içermesi gerektiği konusunda bir fikir birliği bulunmamaktadır (Small ve Chen, 1995) .",Bilişim teknolojisi yatırımlarının değerlendirilmesi,background
29292,"Bunun bir sebebi, yeni bir bilişim sisteminden beklenen faydaların, sistem maliyetlerinden daha zor hesaplanması olabilir (Yourdan, 1989) .",Bilişim teknolojisi yatırımlarının değerlendirilmesi,background
29293,"BT yatırım değerlendirmesinin yeterli bir şekilde yapılmaması, BT için kullanılan büyük paralar yüzünden şirketi sarsacak bir etki doğurabilir (Hallikainen vd., 1998) .",Bilişim teknolojisi yatırımlarının değerlendirilmesi,background
29294,"BT yatırımlarının değerlendirilmesinde işletmeler tarafından kullanılan yöntemlere bakıldığında, fayda maliyet analizinin farklı biçimleri ve finansal yöntemler uygulayıcılar tarafından en fazla tercih edilenleridir (Cronk ve Fitzgerald, 1999) .",Araştırmanın önemi ve amacı,background
29295,"Sonuçta, finansal değerlendirme yöntemleri olarak adlandırılan geleneksel yatırım değerlendirme yöntemlerinin, bilişim teknolojisi yatırımlarını değerlendirmek için tek başlarına kullanılmaları yetersiz kalır (Clemons, 1991 .",Araştırmanın önemi ve amacı,background
29296,"Sonuçta, finansal değerlendirme yöntemleri olarak adlandırılan geleneksel yatırım değerlendirme yöntemlerinin, bilişim teknolojisi yatırımlarını değerlendirmek için tek başlarına kullanılmaları yetersiz kalır , Grantham, 1995 .",Araştırmanın önemi ve amacı,background
29297,"Sonuçta, finansal değerlendirme yöntemleri olarak adlandırılan geleneksel yatırım değerlendirme yöntemlerinin, bilişim teknolojisi yatırımlarını değerlendirmek için tek başlarına kullanılmaları yetersiz kalır , Arribas ve Inchusta, 1999 .",Araştırmanın önemi ve amacı,background
29298,"Sonuçta, finansal değerlendirme yöntemleri olarak adlandırılan geleneksel yatırım değerlendirme yöntemlerinin, bilişim teknolojisi yatırımlarını değerlendirmek için tek başlarına kullanılmaları yetersiz kalır , Lefley, 1996 .",Araştırmanın önemi ve amacı,background
29299,"Sonuçta, finansal değerlendirme yöntemleri olarak adlandırılan geleneksel yatırım değerlendirme yöntemlerinin, bilişim teknolojisi yatırımlarını değerlendirmek için tek başlarına kullanılmaları yetersiz kalır , Irani ve Love, 2002) .",Araştırmanın önemi ve amacı,background
29300,"BT yatırımlarını birbirinden ayıran özellikler vardır ve bu özellikler göz önüne alınarak şirke-te, yatırıma ve duruma uygun yöntemin seçilmesi gereklidir (Farbey vd., 1994) .",Araştırmanın önemi ve amacı,background
29301,"Bugüne kadar yapılmış bilimsel yayınlara bakıldığında, değerlendirme yöntemlerini farklı bakış açılarına göre gruplayan yayınlara rastlanmakla beraber farklı BT yatırımları için uygun değerlendirme yöntemlerini öneren sadece Farbey ve arkadaşları olmuştur (Farbey vd., 1992) .",Araştırmanın önemi ve amacı,background
29302,"Bu kadar çok değerlendirme yaklaşımının var olması, uygulamacıların hangi yöntemi kullanacakları konusunda etkin karar vermesini güçleştirmektedir (Cronk ve Fitzgerald, 1996) .",Araştırmanın önemi ve amacı,background
29303,"Ayrıca her biri farklı karmaşıklık düzeyindedir (Cronk ve Fitzgerald, 1999) .",Araştırmanın önemi ve amacı,background
29304,"Daha önceden de bahsedildiği gibi, BT yatırım değerlendirme yöntemlerini, belirledikleri kriterlere göre gruplayan tek çalışma Farbey ve diğerlerinin yaptığı çalışmadır (Farbey vd., 1992) .",Eleme kriterlerinin belirlenmesi,background
29305,"En ideali ve doğru olanı; yatırımın, işletmenin ve içinde bulunan durumun özelliklerine en uygun değerlendirme yönteminin seçilmesidir (Clemons, 1991",Eleme kriterlerinin belirlenmesi,background
29306,"En ideali ve doğru olanı; yatırımın, işletmenin ve içinde bulunan durumun özelliklerine en uygun değerlendirme yönteminin seçilmesidir , Grantham, 1995",Eleme kriterlerinin belirlenmesi,background
29307,"En ideali ve doğru olanı; yatırımın, işletmenin ve içinde bulunan durumun özelliklerine en uygun değerlendirme yönteminin seçilmesidir , Arribas ve Inchusta, 1999",Eleme kriterlerinin belirlenmesi,background
29308,"En ideali ve doğru olanı; yatırımın, işletmenin ve içinde bulunan durumun özelliklerine en uygun değerlendirme yönteminin seçilmesidir , Lefley, 1996",Eleme kriterlerinin belirlenmesi,background
29309,"En ideali ve doğru olanı; yatırımın, işletmenin ve içinde bulunan durumun özelliklerine en uygun değerlendirme yönteminin seçilmesidir , Irani ve Love, 2002)",Eleme kriterlerinin belirlenmesi,background
29310,"AHP yapısı içinde yer alan özvektör yöntemi, göreli ağırlıkları tespit etmek için kullanılan yöntemler içinde en çok kullanılanlardan birisidir (Ta ve Har, 2000) .",Geliştirilen modelin uygulanması,background
29311,"Bu çalışmada kullanılan yöntem, AHP tekniği içinde ilk adım olarak nitelendirilen ""kriter ağırlıklarının belirlenmesi için ikili karşılaştırmalar yöntemi""dir ve bu yöntemde Saaty'nin 9'lu ölçeği kullanılmıştır (Saaty ve Vargas, 1994) .",Geliştirilen modelin uygulanması,basis
29312,"Meta Group tarafından çeşitli boyutlardan 63 işletmeye yapılan ve ERP’ye sahip olma maliyetini araştıran iki yıl süren bir araştırmaya göre; donanım, yazılım, profesyonel hizmetler, dahili çalışan maliyetleri, yazılımın yüklenmesi ve söz konusu iki yıllık zamandaki bakım maliyetlerini içerecek şekilde şirket başına ortalama ERP maliyeti, 15 milyon Amerikan doları civarındadır (Payne, 2002) .",İşletmeye uygun ERP yazılımı seçimi uygulaması,background
29313,"Yakın zamanda ERP ile ilgili pek çok yayın yapılmış olmasına rağmen, bu kadar yüksek maliyetli bir yazılımın değerlendirilmesi konusunda sınırlı sayıda araştırma mevcuttur (Stefanou, 2001) .",İşletmeye uygun ERP yazılımı seçimi uygulaması,background
29314,"ERP uygulamalarının yaklaşık yarısı, diğer bir araştırmaya göre ise %70'inden fazlası (Al-Mashari, 2000) beklentileri karşılamakta yetersiz kalmıştır.",İşletmeye uygun ERP yazılımı seçimi uygulaması,background
29315,"ERP uygulayan bir çok işletme, stratejileri ile ters düşmüş ve ERP projelerinin çoğunluğunda gecikmeler ve limiti aşan maliyetlerle karşılaşılmıştır (Themistocleous vd., 2001) .",İşletmeye uygun ERP yazılımı seçimi uygulaması,background
29316,"Sadece kullanım kolaylığı, fayda ve son kullanıcıların katılımına dayalı bir şekilde yapılan yazılım seçimleri, ERP gibi günümüzün kritik öneme sahip sistemlerinde yeterli değildir (Montezami vd., 1996) .",İşletmeye uygun ERP yazılımı seçimi uygulaması,background
29317,"Yatırım yönetim süreci üç ana kademeden oluşmalıdır (Stewart ve Mohamed, 2002)",İşletmeye uygun ERP yazılımı seçimi uygulaması,background
29348,"Sıkma işleminin amacı, küresel bir alıcı alana sahip olmaktır, böylece ağın alt katmanları da küresel bilgiyi kullanabilir [28] .",MATERYAL VE METOT (MATERIAL AND METHOD),basis
29349,"Bu işlemin amacı, her bir özellik kanalının ağırlığını oluşturmak için parametreleri öğrenerek özellik kanalları arasındaki karşılıklı bağımlılığı modellemektir [28] .",MATERYAL VE METOT (MATERIAL AND METHOD),basis
29350,"Son olarak, normalleştirilmiş ağırlıklar, ölçek işlemiyle her bir kanal özelliği için yeniden ağırlıklandırılır [29] .",MATERYAL VE METOT (MATERIAL AND METHOD),basis
29357,En düşük sınıflandırma doğruluğu %90 doğruluk ve duyarlılık ile %91 kesinlik ve F1-skor değerine sahip Liang vd. [13] tarafından önerilen yöntemde elde edilmiştir.,DENEYSEL SONUÇLAR VE TARTIŞMA (EXPERIMENTAL RESULTS AND DISCUSSION),support
29363,"Önerilen yöntemlerin daha iyi anlaşılabilmesi için, Bayes formülüne bağlı aşağıdaki ifade verilsin [13] :",Karmaşık Yayınım,basis
29364,"Denklem (8) , Neumann sınır şartları dikkate alınarak Euler-Lagrange eşitliğine bağlı çözülsün:",Karmaşık Yayınım,other
29365,"Denklem (9) , iteratif yöntem olan bayır inişi yaklaşıma bağlı olarak yeniden düzenlenirse olarak alınmaktadır.",Karmaşık Yayınım,other
29366,"Bu bağlamda girdi imgesindeki gürültünün azaltılması için aşağıdaki denklemler verilebilir [10, : alınmaktadır.",Karmaşık Yayınım,basis
29367,Bu bağlamda girdi imgesindeki gürültünün azaltılması için aşağıdaki denklemler verilebilir 14] : alınmaktadır.,Karmaşık Yayınım,basis
29368,"olarak alınmaktadır [10, .",Karmaşık Yayınım,other
29369,olarak alınmaktadır 15] .,Karmaşık Yayınım,other
29370,"Standart sapma hesaplamasında [3] 'deki sunulan yöntemde renkli imgeler için aşağıdaki düzenleme yapılmıştır  : Renkli imgelerde ise, renk kanallarının birbirlerinden bağımsız olarak işlenmesi durumunda bazı sorunlar ortaya çıkmaktadır.",Bulgular,background
29371,"Standart sapma hesaplamasında  'deki sunulan yöntemde renkli imgeler için aşağıdaki düzenleme yapılmıştır [16] : Renkli imgelerde ise, renk kanallarının birbirlerinden bağımsız olarak işlenmesi durumunda bazı sorunlar ortaya çıkmaktadır.",Bulgular,basis
29372,Bu yöntemlere yerel ve yön bağımlı olarak çalışan iz tabanlı [7] ve işbirlikçi toplam değişim   yaklaşımları örnek olarak verilebilir.,Bulgular,background
29373,Bu yöntemlere yerel ve yön bağımlı olarak çalışan iz tabanlı   ve işbirlikçi toplam değişim [12] yaklaşımları örnek olarak verilebilir.,Bulgular,background
29374,Ayrıca yerel olan yöntemler çoğu durumda imgedeki doku bilgisini tam olarak koruyamadığından yerel olmayan ortamalar [8] gibi yerel olmayan yöntemler de geliştirilmiştir.,Bulgular,background
29375,Bu duruma Şekil 5a-b)'deki karmaşık yayınımlı alçak geçiren süzgeçle [10] elde edilen sonuçlar örnek olarak gösterilebilir.,Bulgular,discuss
29376,"Şekil 6a)'de ısı denkleminde sadece düzenlileştirme terimi [10] , Şekil 6b)'de ısı denkleminde hem düzenlileştirme hem de uygunluk terimi, Şekil 6c)'de Perona-Malik yaklaşımında sadece düzenlileştirme terimi   ve Şekil 6d)'de Perona-Malik yaklaşımında hem düzenlileştirme hem de uygunluk terimi dikkate alınması durumda elde edilen sonuçlar verilmiştir.",Bulgular,discuss
29377,"Şekil 6a)'de ısı denkleminde sadece düzenlileştirme terimi  , Şekil 6b)'de ısı denkleminde hem düzenlileştirme hem de uygunluk terimi, Şekil 6c)'de Perona-Malik yaklaşımında sadece düzenlileştirme terimi [10] ve Şekil 6d)'de Perona-Malik yaklaşımında hem düzenlileştirme hem de uygunluk terimi dikkate alınması durumda elde edilen sonuçlar verilmiştir.",Bulgular,discuss
29378,"Tablo 2-5'de sırasıyla iz tabanlı yaklaşım [7] , yerel olmayan ortalamalar yaklaşımı  , işbirlikçi toplam değişim yaklaşımı   ve en iyi performanslı hem düzenlileştirme terimi hem de uygunluk terimi içeren önerilen karmaşık yayınımlı Perona-Malik yaklaşımı için nicel sonuçlar verilmiştir.",Bulgular,discuss
29379,"Tablo 2-5'de sırasıyla iz tabanlı yaklaşım  , yerel olmayan ortalamalar yaklaşımı [8] , işbirlikçi toplam değişim yaklaşımı   ve en iyi performanslı hem düzenlileştirme terimi hem de uygunluk terimi içeren önerilen karmaşık yayınımlı Perona-Malik yaklaşımı için nicel sonuçlar verilmiştir.",Bulgular,discuss
29380,"Tablo 2-5'de sırasıyla iz tabanlı yaklaşım  , yerel olmayan ortalamalar yaklaşımı  , işbirlikçi toplam değişim yaklaşımı [12] ve en iyi performanslı hem düzenlileştirme terimi hem de uygunluk terimi içeren önerilen karmaşık yayınımlı Perona-Malik yaklaşımı için nicel sonuçlar verilmiştir.",Bulgular,discuss
29381,Yerel olmayan ortalamalar yaklaşımının [8] gürültü düzeyine fazla bir bağımlılığı yoktur.,Bulgular,discuss
29382,İşbirlikçi toplam değişim yaklaşımında [12] gürültü düzeyi düşük olmasına rağmen özellikle doku içeren görüntülerde başarım oranı düşmektedir.,Bulgular,discuss
29383,"Diğer taraftan uygunluk terimi içermeyen yerel ve yön bağımlı iz tabanlı yaklaşımda [7] , gürültü düzeyinin az olduğu durumlarda, en düşük performans elde edilmiştir.",Bulgular,discuss
29384,"İleriki araştırmalar, imgedeki gürültü düzeyinin [19] 'deki çalışmada olduğu gibi otomatik olarak kestirilmesi ve yerel olmayan yayınıma   karmaşık yayınımın nasıl uygulanabileceği üzerine olacaktır.",Tartışma ve Sonuç,discuss
29385,"İleriki araştırmalar, imgedeki gürültü düzeyinin  'deki çalışmada olduğu gibi otomatik olarak kestirilmesi ve yerel olmayan yayınıma [9] karmaşık yayınımın nasıl uygulanabileceği üzerine olacaktır.",Tartışma ve Sonuç,discuss
29386,"Afet yönetimi, arama-kurtarma ekipleri, araç-gereç, yardım malzemesi gibi kaynakların yönetimi ve planlamasını gerçekleştirir [1] .",GİRİŞ,background
29387,"Afet yönetimi, arama-kurtarma ekipleri, araç-gereç, yardım malzemesi gibi kaynakların yönetimi ve planlamasını gerçekleştirir [2] .",GİRİŞ,background
29388,"Afet yönetimi, arama-kurtarma ekipleri, araç-gereç, yardım malzemesi gibi kaynakların yönetimi ve planlamasını gerçekleştirir [3] .",GİRİŞ,background
29389,"Günümüzde akıllı ev
uygulamalarından akıllı şehirlere, enerji yönetiminden
uzaktan izleme sistemlerine, sağlık uygulamalarından ulaşım
sistemlerinin kontrol ve optimizasyonuna kadar çok geniş
uygulama alanına sahip olan nesnelerin interneti (Internet of
Things, IoT) teknolojileri afet yönetim sistemlerinin etkinliğinin arttırılması amacıyla da kullanılmaktadır [4] .",GİRİŞ,background
29390,"Günümüzde akıllı ev
uygulamalarından akıllı şehirlere, enerji yönetiminden
uzaktan izleme sistemlerine, sağlık uygulamalarından ulaşım
sistemlerinin kontrol ve optimizasyonuna kadar çok geniş
uygulama alanına sahip olan nesnelerin interneti (Internet of
Things, IoT) teknolojileri afet yönetim sistemlerinin etkinliğinin arttırılması amacıyla da kullanılmaktadır [5] .",GİRİŞ,background
29391,"Günümüzde akıllı ev
uygulamalarından akıllı şehirlere, enerji yönetiminden
uzaktan izleme sistemlerine, sağlık uygulamalarından ulaşım
sistemlerinin kontrol ve optimizasyonuna kadar çok geniş
uygulama alanına sahip olan nesnelerin interneti (Internet of
Things, IoT) teknolojileri afet yönetim sistemlerinin etkinliğinin arttırılması amacıyla da kullanılmaktadır [6] .",GİRİŞ,background
29392,"Özetle, IoT teknolojilerinin kullanılması afet sonrası yönetim sürecini kolaylaştırır [3] .",GİRİŞ,background
29393,"K. Küçük ve ark. afet yönetim süreçlerinin daha etkin yürütülmesi için bina hasar durumunu ölçen IoT nesneleri ile GSM, WiFi gibi haberleşme teknolojilerine dayalı olarak kişi yoğunluğunu dikkate alan bir yönetim platformu önermektedir [1] .",GİRİŞ,background
29394,Bu sistem ile akıllı şehir izleme uygulamalarıyla afet yönetim sistemlerinin birlikte kullanımını önermişlerdir [3] .,GİRİŞ,background
29395,Poslad ve ark. doğal afetler durumunda kriz yönetimi için IoT temelli bir erken uyarı sistemi geliştirilmiştir [7] .,GİRİŞ,background
29396,Aynı zamanda çalışmalarında kablosuz algılayıcı ağ teknolojisine dayalı afet yönetim projesi sunmaktadırlar [8] .,GİRİŞ,background
29397,Bir başka çalışmada ise kablosuz algılayıcı ağ teknolojisine dayalı olarak orman yangın durumlarının uzaktan izlendiği bir afet yönetim sistemi modeli önerilmektedir [9] .,GİRİŞ,background
29398,Afet durumlarında en önemli problemlerden biri olan haberleşme altyapısının hasarı durumunda afet sonrası yönetim için IoT teknolojilerine dayalı iletişim önerilmektedir [10] .,GİRİŞ,background
29399,"Eğim algılama uygulamalarında statik ivme kullanılmakta iken hareket algılama uygulamalarında dinamik hızlanma kullanılmaktadır [13, .",GİRİŞ,background
29400,Eğim algılama uygulamalarında statik ivme kullanılmakta iken hareket algılama uygulamalarında dinamik hızlanma kullanılmaktadır 14] .,GİRİŞ,background
29401,Bu yoğunluk bilgisini analiz etmek için kümeleme algoritması kullanılmıştır [15] .,GİRİŞ,background
29402,"Model olarak homojen olmayan Poisson sürecinin kullanıldığı çalışma Pham ve Zhang (1997) , Markov süreçlerinin kullanıldığı çalışma  , Bayesçi istatistiğin kullanıldığı çalışma   ve klasik istatistiksel yöntemlerin kullanıldığı çalışma   literatürdeki önemli çalışmalar arasında yer almaktadır.",Giriş 1.Introduction,background
29403,"Model olarak homojen olmayan Poisson sürecinin kullanıldığı çalışma  , Markov süreçlerinin kullanıldığı çalışma Tokuno ve Yamada (1999) , Bayesçi istatistiğin kullanıldığı çalışma   ve klasik istatistiksel yöntemlerin kullanıldığı çalışma   literatürdeki önemli çalışmalar arasında yer almaktadır.",Giriş 1.Introduction,background
29404,"Model olarak homojen olmayan Poisson sürecinin kullanıldığı çalışma  , Markov süreçlerinin kullanıldığı çalışma  , Bayesçi istatistiğin kullanıldığı çalışma Pham ve Pham (2000) ve klasik istatistiksel yöntemlerin kullanıldığı çalışma   literatürdeki önemli çalışmalar arasında yer almaktadır.",Giriş 1.Introduction,background
29405,"Model olarak homojen olmayan Poisson sürecinin kullanıldığı çalışma  , Markov süreçlerinin kullanıldığı çalışma  , Bayesçi istatistiğin kullanıldığı çalışma   ve klasik istatistiksel yöntemlerin kullanıldığı çalışma Gutjahr (2015) literatürdeki önemli çalışmalar arasında yer almaktadır.",Giriş 1.Introduction,background
29408,𝑀 1 ve 𝑀 2 fonksiyonlarının hesabı için Aydoğdu ve Altındağ (2015) çalışmasında Monte Carlo tahmin yöntemine dayalı bir prosedür uygulanmıştır.,Giriş 1.Introduction,background
29409,Ancak bu yöntemin kullanışlı ve uygulaması kolay bir yöntem olmaması nedeniyle alternatif olarak yamuk integrasyon ve kuvvet serisi açılımı gibi yöntemler ilgili fonksiyonların (3) ve (  ) ile verilen integral denklemlerinin sayısal çözümü için ele alınmıştır. Tang ve Lam (2007) çalışmasında 𝑀 1 fonksiyonu için ve Pekalp ve Aydoğdu (2018) çalışmasında 𝑀 2 fonksiyonu için yamuk integrasyon yöntemini uygulayarak integral denklemlerin çözümlerini vermişlerdir.,Giriş 1.Introduction,background
29410,"GS'nin ilk olay zamanının dağılımı literatürde sıklıkla karşılaşılan üstel, gamma, Weibull ve lognormal gibi yaşam dağılımları arasından seçilerek yamuk integrasyon yöntemi örneklendirilmiş ve bununla birlikte üstel dağılım için Aydoğdu vd. (2013) , Weibull dağılımı için Aydoğdu ve Karabulut (2014) ve gamma dağılımı için  , 𝑀 1 ve 𝑀 2 fonksiyonların (3) ve (6) ile verilen integral denklemlerin kuvvet serisi açılımlarını elde etmişlerdir.",Giriş 1.Introduction,background
29411,"GS'nin ilk olay zamanının dağılımı literatürde sıklıkla karşılaşılan üstel, gamma, Weibull ve lognormal gibi yaşam dağılımları arasından seçilerek yamuk integrasyon yöntemi örneklendirilmiş ve bununla birlikte üstel dağılım için  , Weibull dağılımı için Aydoğdu ve Karabulut (2014) ve gamma dağılımı için Pekalp ve Aydoğdu (2021) , 𝑀 1 ve 𝑀 2 fonksiyonların (3) ve (6) ile verilen integral denklemlerin kuvvet serisi açılımlarını elde etmişlerdir.",Giriş 1.Introduction,background
29412,"Lam ve Chan (1998) çalışmasında, ilk olay zamanının lognormal dağılıma sahip olduğu varsayımı altında GS için istatistiksel çıkarım problemini ele almıştır. Chan vd. (2004) çalışmasında ilk olay zamanı gamma dağılımına sahip GS için istatistiksel çıkarım problemini incelemiştir.",Giriş 1.Introduction,background
29413,Aydoğdu vd. (2010) ilk olay zamanının Weibull dağılımına sahip olduğu varsayımı altında parametrelerin tahmin edicilerini elde etmişlerdir.,Giriş 1.Introduction,background
29414,"Bu nedenle, GS’den gelen bir veri kümesini en iyi şekilde temsil eden yaşam dağılımının hangisinin olduğunun belirlenmesi diğer önemli bir problem olarak ele alınabilir. Pekalp vd. (2022) çalışmasında GS ile uyumlu olduğu, yani GS'nin bir model olarak kullanılabildiği bilinen on veri kümesinin hangi dağılım ile en iyi şekilde temsil edileceğini araştırmak amacıyla olabilirlik oranına dayalı T-istatistiğini kullanmışlar ve GS için ilk olay zamanının dağılımını bu kritere göre belirlemişlerdir.",Giriş 1.Introduction,background
29415,"Bu nedenle, hata ayıklama ve test etme işlemlerinin ne zaman durdurulacağını veya ürünün ne zaman piyasaya sürüleceğini belirlemek önemlidir (Pham & Wang, 2001) .",Problemin tanımı 2 Problem description,background
29416,"Bu nedenle, hata ayıklama ve test etme işlemlerinin ne zaman durdurulacağını veya ürünün ne zaman piyasaya sürüleceğini belirlemek önemlidir  . Pham ve Wang (2001) çalışmasında yazılım ürününde meydana gelen hata zamanlarını modellemek için 𝑎 oran parametresiyle bir GS modeli {𝑁(𝑡), 𝑡 ≥ 0} önerilmektedir.",Problemin tanımı 2 Problem description,discuss